url,experience,skills,education,location,salary,job_type,error
https://www.naukri.com/software-testing-jobs-in-bangalore,[],[],[],[],[],[],
https://jobs.apple.com/en-in/search?location=bengaluru-BGS,"['by delivering excellence in operations, inventory accuracy and preservation activities', 'that is unlike any other', 'that has revolutionised entire industries']","['0\n0  filter(s) applied clear language(s)type text, use the arrow keys to select an option and press the enter key to update the page', 'to inspire customers to discover, own and love a', 'with an ability to inspire excitement for apple’s products and services']",[],"['1\n1  filter(s) appliedhome office clear location(s)type text, use the arrow keys to select an option and press the enter key to update the page', 'where extraordinary people gather to do their best work', 'where extraordinary people gather to do their best work']",[],[],
https://www.naukri.com/testing-jobs-in-bangalore,[],[],[],[],[],[],
https://careers.wbd.com/global/en/job/R000091816/Staff-Software-Engineer-Global-Media-Engine-Bangalore,[],[],[],[],[],[],
https://www.careers.philips.com/in/en/job/541493/Software-Engineer-II,,,,,,,Failed to fetch content
https://in.indeed.com/q-software-2025-jobs.html,,,,,,,Failed to fetch content
https://careers.jio.com/frmfuncwisejob.aspx?func=2pGaMqAexDY=&desc=am1AraTXtX4/W/EJK6dzzw==&flag=/wASbQn4xyQ=,[],[],[],[],[],[],
https://jobs.apple.com/en-in/search?location=india-INDC,"['by delivering excellence in operations, inventory accuracy and preservation activities', 'that is unlike any other', 'by focusing on the smallest of details to unlock the specific customer requirements and make excellent recommendations to allow']","['0\n0  filter(s) applied clear language(s)type text, use the arrow keys to select an option and press the enter key to update the page', 'to inspire customers to discover, own and love a', 'with an ability to inspire excitement for apple’s products and services', 'and make excellent recommendations to allow']",[],"['1\n1  filter(s) appliedhome office clear location(s)type text, use the arrow keys to select an option and press the enter key to update the page', 'where extraordinary people gather to do their best work', 'where extraordinary people gather to do their best work', 'where extraordinary people gather to do their best work', 'where extraordinary people gather to do their best work']",[],['- us hours)corporate functions01 apr 2025hyderabadadd to favourites recruiting coordinator (contract - us hours)removed from favouritessee full role descriptionsharerole number: \xa0200597777weekly hours:\xa040 hoursapple is a place where extraordinary people gather to do their best work'],
https://careers.softwareone.com/en/jobs,['and all the interaction data we store of our visitors is anonymous'],[],[],[],[],[],
https://careers.jio.com/frmfuncwisejob.aspx?func=2pGaMqAexDY=&desc=am1AraTXtX4/W/EJK6dzzw==&flag=/wASbQn4xyQ=,[],[],[],[],[],[],
https://jobs.apple.com/en-in/search?location=india-INDC,"['by delivering excellence in operations, inventory accuracy and preservation activities', 'that is unlike any other', 'by focusing on the smallest of details to unlock the specific customer requirements and make excellent recommendations to allow']","['0\n0  filter(s) applied clear language(s)type text, use the arrow keys to select an option and press the enter key to update the page', 'to inspire customers to discover, own and love a', 'with an ability to inspire excitement for apple’s products and services', 'and make excellent recommendations to allow']",[],"['1\n1  filter(s) appliedhome office clear location(s)type text, use the arrow keys to select an option and press the enter key to update the page', 'where extraordinary people gather to do their best work', 'where extraordinary people gather to do their best work', 'where extraordinary people gather to do their best work', 'where extraordinary people gather to do their best work']",[],['- us hours)corporate functions01 apr 2025hyderabadadd to favourites recruiting coordinator (contract - us hours)removed from favouritessee full role descriptionsharerole number: \xa0200597777weekly hours:\xa040 hoursapple is a place where extraordinary people gather to do their best work'],
https://careers.softwareone.com/en/jobs,['and all the interaction data we store of our visitors is anonymous'],[],[],[],[],[],
https://remotive.com/remote-jobs/software-dev,,,,,,,Failed to fetch content
https://www.ey.com/en_in/careers/technology,"['cybersecurity consulting services\n\n\ndata and decision intelligence\n\n\nsupply chain and operations\n\n\n\n\npeople and workforce\n\n\nchange management and experience services\n\n\nhr transformation services \n\n\nintegrated workforce mobility\n\n\nlearning and development consulting\n\n\nrecognition and reward advisory\n\n\n\n\ntransactions and corporate finance by ey-parthenon  \n\n\ncorporate finance\n\n\ndivestment strategy consulting\n\n\nsustainability and esg strategy consulting\n\n\nm&a advisory services\n\n\ndebt and special situations\n\n\nm&a integration consulting\n\n\nconnected capital technologies: m&a technology solutions\n\n\nadvanced analytics\n\n\ncapital allocation strategy\n\n\n\n\nassurance services\n\n\nclimate change and sustainability services\n\n\nfinancial accounting advisory & accounting consulting services\n\n\nforensic and integrity - services & solutions \n\n\n\n\ntax consulting & advisory services\n\n\n tax planning services - direct & indirect tax solutions\n\n\nglobal trade\n\n\ntax compliance services and solutions for businesses\n\n\ntax platform for digital tax solutions & real time insights \n\n\n\n\ntechnology\n\n\ney', 'for yourself and a better working world for all']","['lies at the core of our agenda', 'in areas such as\xa0big data and analytics,\xa0blockchain,\xa0ai,\xa0intelligent automation, and\xa0cybersecurity']","[""human services\n\n\ninfrastructure\n\n\n\n\ninnovative healthcare consulting services and solutions\n\n\nlife sciences industry solutions & consulting services\n\n\ninnovative healthcare consulting services and solutions\n\n\n\n\nprivate equity - investment, strategy and operations \n\n\nprivate equity value creation services\n\n\nexit readiness\n\n\npe deal origination\n\n\ndigital in private equity \n\n\n\n\ntechnology, media & entertainment and telecommunications\n\n\ntechnology sector\n\n\ntelecommunications sector | insights, surveys & services\n\n\n\n\n\n\ncareers\n\n\nwhat you can do here\n\n\ntechnology jobs & careers at ey \n\n\ncareers in assurance\n\n\ncareers in consulting\n\n\ncareers in tax\n\n\ncareers in people advisory services\n\n\ncareers in financial services\n\n\ncareers in global delivery services\n\n\ncareers in core business services\n\n\n\n\nwhat it's like to work here\n\n\ndiversity, equity and inclusiveness\n\n\npersonalized career development\n\n\nflexibility and mobility\n\n\npeople stories\n\n\n\n\nhow to join us\n\n\nhow we hire\n\n\ninterview tips\n\n\nwhat we look for\n\n\n\n\njob search\n\n\njob search\n\n\nstudents and entry-level \n\n\ncontract opportunities\n\n\ntalent community\n\n\n\n\nabout ey-parthenon careers\n\n\nabout ey-parthenon careers\n\n\nexperienced job search\n\n\nearly careers opportunities\n\n\n\n\n\n\nabout us\n\n\nour purpose\n\n\nour people\n\n\nour values \n\n\nalliances\n\n\nalumni\n\n\nnewsroom\n\n\nlocations\n\n\nconnect with us\n\n\n\n\n\n\n\n\n\n\n\n\n\n\n\ninsights\n\n\n\n    read more\n  \n\n    read less\n  \n\n\n\n\n\n\n\n\n\nasking the better questions that unlock new answers to the working world's most complex issues""]","['strategy\n\n\n\n\nassurance services\n\n\nclimate change and sustainability services\n\n\nfinancial accounting advisory & accounting consulting services\n\n\nforensic and integrity - services & solutions \n\n\n\n\ntax consulting & advisory services\n\n\n tax planning services - direct & indirect tax solutions\n\n\nglobal trade\n\n\ntax compliance services and solutions for businesses\n\n\ntax platform for digital tax solutions & real time insights \n\n\n\n\ntechnology\n\n\ney', 'close\n\n\n\n\n\n\nlocal sites\n\n\n\n\n\n\n\n\n\n\n\n\n\n\n\n\n\n\n\n\n\n\n\n\n\n\n        technology careers at ey\n      \nseize the opportunity to transform how businesses work and harness the latest technologies to power human enterprise and unleash your potential']",[],"['positions, find a role where you can build an exceptional experience for yourself and a better working world for all', ""opportunities\n\n\ntalent community\n\n\n\n\nabout ey-parthenon careers\n\n\nabout ey-parthenon careers\n\n\nexperienced job search\n\n\nearly careers opportunities\n\n\n\n\n\n\nabout us\n\n\nour purpose\n\n\nour people\n\n\nour values \n\n\nalliances\n\n\nalumni\n\n\nnewsroom\n\n\nlocations\n\n\nconnect with us\n\n\n\n\n\n\n\n\n\n\n\n\n\n\n\ninsights\n\n\n\n    read more\n  \n\n    read less\n  \n\n\n\n\n\n\n\n\n\nasking the better questions that unlock new answers to the working world's most complex issues""]",
https://www.teamlease.com/it-software-engineer-jobs,"['in project manager10+ years of experience in project manager', 'in saleasforce crm5+ years of experience in saleasforce crm', 'via r k gems', 'via codex mattrix', 'working in a collaborative team environment including both it and business personnel• 2+ years of rel', 'via northern marine management india pvt', 'in advisory, design, implementation, configuration, assessment on data center networkin', 'in using optimizer t', 'in implementing', 'in supply', 'in demand', 'in supply c', 'in proj', 'in c', 'worki', 'in leading teams in', 'in instrument pipel', 'desig', 'working in a collaborative', 'in d', 'in exp', 'in experience in&n', 'in data modeling, data architec', 'building solutions on data', 'in', 'developing data management', 'developing analytics / busi', 'in demand', 'in supply ch', 'in supply', 'in implementing p', 'in', 'in', 'in project manager10+ years of experience in project manager', 'in saleasforce crm5+ years of experience in saleasforce crm', 'via r k gems', 'via codex mattrix', 'working in a collaborative team environment including both it and business personnel• 2+ years of rel', 'via northern marine management india pvt', 'in using optimizer t', 'in c', 'desig', 'working in a collaborative', 'in d', 'in data modeling, data architec', 'in', 'in', 'in']",['now you can claim your british council english certificate for free'],"['in computer/\xa0electronics\xa0engineering with 3 to 6 years of\xa0work\xa0experi', 'in computer science/computer engi', 'in compute', 'in computer science/computer engi', 'with 6+ years of experience desig', 'with 10+ years of experience in d', 'with 8+ years of experience in', 'with over 10 years of experienc', 'with over 8 years of experience', 'with 8+ years of experience in', 'with 8+ years of experience in']",[],[],[],
https://www.genpact.com/careers/job-search,"[""technology \n                            \n\n\n\n\n\nbusiness services\n\n\n\n\n                customer care\n                            \n\n\n\n                finance and accounting\n                            \n\n\n\n                human resources management\n                            \n\n\n\n                risk and compliance\n                            \n\n\n\n                sales and commercial\n                            \n\n\n\n                sourcing and procurement\n                            \n\n\n\n                supply chain management\n                            \n\n\n\n                sustainability\n                            \n\n\n\n                trust and safety\n                            \n\n\n\n\n\n\n\n\n\n\n\n                                                                                                    \xa0\n                                                                                            \n\n\n\n\n\n\n                                    our impact\n                                    \n\n\n\n\n\n\n\n\n\n\n\n\nour credentials\n\n\n\n\n\n                why genpact\n                            \n\n\n\n                analyst and advisor rankings\n                            \n\n\n\n                industry awards\n                            \n\n\n\n                client stories\n                            \n\n\n\n                our partners\n                            \n\n\n\n\n\n\nour insights\n\n\n\n\n\n                ai and data analytics\n            \n\n\n\n                cloud technologies\n            \n\n\n\n                customer and employee experience\n            \n\n\n\n                environment, social, and governance\n            \n\n\n\n                intelligent automation\n            \n\n\n\n                new business modals\n            \n\n\n\n                operational excellence\n            \n\n\n\n                resilience\n            \n\n\n\n\n            all insights\n            \n\n\n\n\n\n\n\n\n\n\nwhat's trending\n\n\n\n\n\n\n\n\n\n\n\n\n\nreport\n\n\nhfs ranks genpact a market leader in generative enterprise services 2025\n\n\n                    read more\n                    \n\n\n\n\n\n\n\n\n\n\n\n\n\n\n\n\nwe’re hiring"", ""technology \n                            \n\n\nbusiness services\n\n\n\n                customer care\n                            \n\n\n\n                finance and accounting\n                            \n\n\n\n                human resources management\n                            \n\n\n\n                risk and compliance\n                            \n\n\n\n                sales and commercial\n                            \n\n\n\n                sourcing and procurement\n                            \n\n\n\n                supply chain management\n                            \n\n\n\n                sustainability\n                            \n\n\n\n                trust and safety\n                            \n\n\n\n            all services\n            \n\n\n\n\n\n\n\n\n\n\n\n\n\n\n                                                our impact\n                                                \n\n\n\n\n\n\n\n\n\nour credentials\n\n\n\n                why genpact\n                            \n\n\n\n                analyst and advisor rankings\n                            \n\n\n\n                industry awards\n                            \n\n\n\n                client stories\n                            \n\n\n\n                our partners\n                            \n\n\n\n\nour insights\n\n\n\n\nai and data analytics\n\n\ncloud technologies\n\n\ncustomer and employee experience\n\n\nenvironment, social, and governance\n\n\nintelligent automation\n\n\nnew business modals\n\n\noperational excellence\n\n\nresilience\n\n\n\n\n\n            all insights\n            \n\n\n\n\n\n\n\n\n\nwhat's trending\n\n\n\n\n\n\n\n\n\n\n\n\nreport\n\n\nhfs ranks genpact a market leader in generative enterprise services 2025\n\n\n                    read more\n                    \n\n\n\n\n\n\n\n\n\n\n\n\n\n\n                                            careers\n                                        \n\n\n\n\n\n\n\n\n\n\n\n\n\n\n\n\n\n\n\n\n\n\n\n\n\n\n\n\n\n\n\n\n\n\n\n\n\n\n\n\n                                english\n                                \n\n\n\n\ngermany (deutsch)\njapan (日本語)\n\n\n\n\n                            contact us\n                            \n\n\n\n\n\n\n\n\n\n\n\n\n\n\nsearch for roles at genpact\nthe pursuit of better\n\n\n\n\n\n\n\n\n\n\n\n\nbeware of fake offers\n\ngenpact never requires applicants to pay to be part of our hiring process""]",[],[],['choose a location\n                        \n\n\n\n\n\n\n                    location\n                \n\n\n\n\n\n\n\n\n\n\n\n\n\n\n\n                    search\n                \n\n\n\n\navailable positions\n\n\n\n\n\n\n\n                        job title\n                    \n\n                        location\n                    \n\n                        posted\n                    \n\xa0\n\n\n\n\n\n\n\n\n\n\n\n\n\n\n\n\n\n\n\n\n\n\n\nthe relentless pursuit of a world that works\nbetter for\xa0people\n\n\ncontact us\nlocations\nour purpose\n\n\n\n\n\n\n\n\n\n\n\n\n\n\n\n\n\n\n\n\n\n\n\n\n\n\n\n\n\ngenpact’s data privacy approach\nprivacy notice\nterms and conditions\n\n\n\ncopyright © 2025 genpact'],"['to be part of our hiring process', 'to apply for a role, you can assume that the message is a scam']",[],
https://getwork.org/job-details/software-developer-31466,[],[],[],[],[],[],
https://careers.societegenerale.com/en/job-offers/specialist-software-engineer-java-fsd-2500056B-en,"['working in an onsite-offshore model would be an advantage\n\n\n\n\n\n              profile required\n            \n\nexperience: 3 - 6 years\xa0mandatory skills: core java, java spring boot, angular/react, sql/plsql, ci/ cd']","['• proven ability to learn and work on latest technology, have good analytical skills and pickup faster', 'and be a team player', 'core java, java spring boot, angular/react, sql/plsql, ci/ cd', 'jenkins, docker, kubernetes\n\n\n\n\n              why join us\n            \n\nwe are committed to support accelerating our group’s esg strategy by implementing esg principles in all our activities\xa0and policies', 'with charities', 'and specify the functionalities to be implemented from end users and product owners']",['of young apprentices and sharing their skills with charities'],[],[],"['type\n                    \n\n\n\n\n\n\n\n                        contract type\n                      \n\n\n\n\n\n\n                                apprenticeship\n                              \n\n\n\n\n\n\n\n\n                                fixed term contract\n                              \n\n\n\n\n\n\n\n\n                                permanent contract\n                              \n\n\n\n\n\n\n\n\n                                trainee\n                              \n\n\n\n\n\n\n\n\n                                contractor / temp\n                              \n\n\n\n\n\n\n\n\n                                summer job\n                              \n\n\n\n\n\n\n\n\n                                internship\n                              \n\n\n\n\n\n\n\n\n                                international volunteer program\n                              \n\n\n\n\n\n\n\n\nsearch\n\n\n\n\n\n\n\n\n\n\n\nune fenêtre de connexion apparaitra au ciblage\n\n\n\n\n\n\n\n\n\n\n\n                    follow-up on my applications, save my cv, set up alerts', ""bangalore, india\n            \n\n            hybrid\n          \n\n\n\n\nreference 2500056b\n          \n\nstart date 2025/06/10\n            \n\npublication date 2025/04/03\n            \n\n\n\n\n\n\n\n\n\n\n              responsibilities\n            \n\n-participate in development & implementing high quality application, enterprise grade and usable user interfaces (ui's)\xa0and high-quality api's"", 'bangalore, india\n            \n\n            hybrid\n          \n\n\n\n              responsibilities\n            \n\n              profile required\n            \n\n              why join us\n            \n\n              business insight\n            \n\n              diversity and inclusion\n            \n\n\n\n              apply\n            \n\nadd to favorites\n\n\n\n\n\n\n\n\n\n\n\n\n\ntitre\nsimilar jobs\n\n\n\n\n\n\n\n\n\n\n\ntitre\njobs & contracts\n\n\n\n\n\n\n\n\n\n\n\n\n\n\n\n\n\n\n\n\n\nhome\n\n\n\njob offers\n\n\n\nspecialist software engineer- java fsd\n\n\n\n\n\n\n\n\n\n\n\n\n\n\n\n            discover\n          \n\n\n\n            jobs in banking\n          \n\n\n\n            group societe generale website\n          \n\n\n\n\n\n            useful links\n          \n\n\n\n            help center\n          \n\n\n\n            profiles wanted\n          \n\n\n\n            sitemap\n          \n\n\n\n            accessibility: partially compliant\n          \n\n\n\n\n\n            legal information\n          \n\n\n\n            legal information\n          \n\n\n\n            privacy policy\n          \n\n\n\n            cookies policy\n          \n\n\n\n            consent choices\n          \n\n\n\n\n\n          follow us:\n        \n\n\n\n\n\n\n\n\n\n\n\n\n\n\n\n\n\n\n\n\n\n\n\n\n \n\n\n\n\n\n\n\n\n\n\n\n\n\n\n\n\n\n\n\n\n\n\n\n\n\n\n\ninternet explorer non supporté\n×\n\nle navigateur internet explorer ne permet pas de bénéficier de l’ensemble des fonctionnalités à disposition sur ce site']",
https://www.wellsfargojobs.com/en/jobs/r-446232/senior-software-engineer/,"['on application development and implementation experienceextensive experience with reactjs, react testing library, redux, javascript(es6+), html5 and css3 its core principles', 'working with cloud platforms (redhat openshift) including container orchestration, deployment automation and building kubernetes based applications']","['4+ years of software engineering experience, or equivalent demonstrated through one or a combination of the following: work experience, training, military experience, educationdesired qualifications:hands-on experience on application development and implementation experienceextensive experience with reactjs, react testing library, redux, javascript(es6+), html5 and css3 its core principles', 'a']",[],"['discrimination is illegal\n\n\njob seekers with disabilities\n\n\nresources\n\n\nimportant recruitment scam alert\n\n\nsitemap\n\n\nprivacy, cookies, security & legal\n\n\nnotice of data collection\n\n\nmanage cookies\n\n\n\n\n\n\n\n\n\n\n\n\n\n\n\n\n\n\n\n\n\n\n\n\n\n\n\n\n\n\n\n\n\n\n\n\n\n\n\n\n\n\n\n\n\n\n\n\n\n\nall qualified applicants will receive consideration for employment without regard to race, color, religion, sex, sexual orientation, gender identity, national origin, disability, status as a protected veteran, or any other legally protected characteristic']",[],"['positions\nrecruitment scam alert\n\n\n\n\n\njobs\n\n\ntalent community\n\n\n\n\n\n\nsaved jobs\n0\n\n\n\n\n\n\n\n\n\n\n\n\n\n\n\n \n\n\n\n\nsenior software engineer\n\n\n\n\n\n\n\nbengaluru\n\n\n\n\n\n\n\r\ntechnology & data                            \n\n\n\nfull time\r\n                                \n\n\n\n03 apr 2025\n\n\n\n\nr-446232\r\n                                \n\n\n\n\n\n\n\n\n\n\nabout this role:wells fargo is seeking a senior software engineerin this role, you will:lead moderately complex initiatives and deliverables within technical domain environmentscontribute to large scale planning of strategiesdesign, code, test, debug, and document for projects and programs associated with technology domain, including upgrades and deploymentsreview moderately complex technical challenges that require an in-depth evaluation of technologies and proceduresresolve moderately complex issues and lead a team to meet existing client needs or potential new clients needs while leveraging solid understanding of the function, policies, procedures, or compliance requirementscollaborate and consult with peers, colleagues, and mid-level managers to resolve technical challenges and achieve goalslead projects and act as an escalation point, provide guidance and direction to less experienced staffrequired qualifications:4+ years of software engineering experience, or equivalent demonstrated through one or a combination of the following: work experience, training, military experience, educationdesired qualifications:hands-on experience on application development and implementation experienceextensive experience with reactjs, react testing library, redux, javascript(es6+), html5 and css3 its core principles']",
https://jobs.cisco.com/,"['customer success\n\n\n\n\n\n\n\n\nengineer - hardware\nengineer - network\nengineer - pre sales\nengineer - software\n\n\n\n\n\n\n\n\nfinance\nhuman resources\ninformation technology\nprofessional services\n\n\n\n\n\n\n\n\nsales\nsecurity\n\n\n\n\n\n\n\n\n\n\n\naccommodations for applicants with disabilities\ncookie consent preferences\ne-verify participation poster\nright to work poster\nagency portal\n\ncisco is an affirmative action and equal opportunity employer and all qualified applicants will receive consideration for employment without regard to race, color, religion, gender, sexual orientation, national origin, genetic information, age, disability, veteran status, or any other legally protected basis']",['and career goals to work for you and cisco'],[],[],[],[],
https://jobs.intuit.com/job/bengaluru/senior-software-engineer/27595/79594907248,"['marketing\nsales\ntax\nadministration\nbookkeeping\ncorporate strategy & development\ncustomer success \nexecutive\nfinance & operations\ngeneral management\nhuman resources\ninformation technology\ninternships\nlegal\nproject & program management\nhiring process\n\n\n\n\nprograms\n\n\nprograms\ninternships\nentry-level careers\nintuit careers pathways\n\n\n\n\nlocations\n\n\nlocations\nglobal locations\nunited states\natlanta  new\nnew york  new\naustralia\ncanada\nindia\nisrael\nunited kingdom\n\n\n\n\nintuit life\n\n\nintuit life\nworking at intuit\ndiversity & inclusion\nbenefits\nhybrid work\nstories & news\n\n\n\n\ntechnology\n\n\n\n\njob alerts\n\n\n0 saved jobs\n\n\n\n\n\n\n\n\n\n\n\n\n\n\n\n\n\n\n\n\n\n\n\n\n\n\n\n\n\n\n\n\n\n \n\n\n\n\n\n\n\n\n\n\n\n\n\n\n\n\njob search\n\n\n\nsearch jobs by keyword\n\n\n\nlocation\n\n\n\n\nsearch radius\nselect miles\n5 miles\n15 miles\n25 miles\n35 miles\n50 miles\n\n\n\nsearch jobs\n\n\n\n\n\n\n\n\n\n\n\nsenior software engineer\n\ncategory software engineering\n\nlocation\r\nbengaluru, india                \njob id 2025-68869 \n\napply now\n\nshare job\nsave jobsaved job\n\n\n\n\n\ncompany overview\n\nintuit is the global financial technology platform that powers prosperity for the people and communities we serve', 'to our customers', 'with agile development, scrum, or extreme programming methodologiessystem and data integration\n\n\n\nqualifications\n 6+ years’ experience developing web, software, or mobile applications', 'with object oriented concepts and java', 'in springboot, kafka, aws and kubernetes', 'in ai / ml and generative ai', 'with the entire software development life cycle (sdlc)', 'with unit testing & test-driven development (tdd)']","['demonstrated ability to explain complex technical issues to both technical and non-technical audiences', ""i was ready to up my tax game, that's why i joined intuit\n\n\n\n\n\n\n\n\n\n\n\n\n\n\n\n\n\n\n\nvideo\nd&i at intuit \n\n\n intuit's chief d&i officer, humera shahid, on diversity, equity, inclusion, and belonging\n\n\n\n\n\n\n\n\n\n\n\n\n\n\n\n\n\n\n\n\nblog\ncareer path \n\n\n accelerate your career path inside intuit\n\n\n\n\n\n\n\n\n\n\n\n\n\n\n\n\n\n\n\n\nvideo\noffices of the future \n\n\n we're building the workforce and workplace of the future by investing in our sites around the world"", ""to boost your tech career \n\n\n ai skills to boost your tech career\n\n\n\n\n\n\n\n\n\n\n\n\n\n\n\n\n\n\n\nblog\nintuit survey \n\n\n us high school students want financial education at school\n\n\n\n\n\n\n\n\n\n\n\n\n\n\n\n\n\n\n\n\nblog\nvelocity hacks \n\n\n velocity hacks to work harder not smarter\n\n\n\n\n\n\n\n\n\n\n\n\n\n\n\n\n\n\n\n\n\n\n\n\n\n\n\n\n\n\n\n\n\n\nblog\ntips for tax & bookkeeping pros \n\n\n how intuit helps tax and bookkeeping pros do their best work\n\n\n\n\n\n\n\n\n\n\n\n\n\n\n\n\n\n\n\nblog\ntax experiences \n\n\n the role of ai in delivering personalized tax experiences\n\n\n\n\n\n\n\n\n\n\n\n\n\n\n\n\n\n\nblog\ncareer tips \n\n\n navigating your career path, tips for engineers\n\n\n\n\n\n\n\n\n\n\n\n\n\n\n\n\n\n\n\nblog\nhybrid work \n\n\n how intuit's hybrid work model is evolving\n\n\n\n\n\n\n\n\n\n\n\n\n\n\n\n\n\nblog\ncelebrating 40 years of intuit's innovation \n\n\n celebrating 40 years of intuit's innovation\n\n\n\n\n\n\n\n\n\n\n\n\n\n\n\n\n\n\nblog\nfuture of fintech \n\n\n how intuit is shaping the future of fintech\n\n\n\n\n\n\n\n\n\n\n\n\n\n\n\n\n\n\n\nblog\nintuit's new tools to improve business finances  \n\n\n intuit's new tools to improve business finances \n\n\n\n\n\n\n\n\n\n\n\n\n\n\n\n\n\n\nblog\nai in 2025 \n\n\n excitement and skepticism will mark the year ahead, as ai-powered experiences proliferate and customers ultimately decide what’s best for them"", '6+ years’ experience developing web, software, or mobile applications']","[""at school\n\n\n\n\n\n\n\n\n\n\n\n\n\n\n\n\n\n\n\n\nblog\nvelocity hacks \n\n\n velocity hacks to work harder not smarter\n\n\n\n\n\n\n\n\n\n\n\n\n\n\n\n\n\n\n\n\n\n\n\n\n\n\n\n\n\n\n\n\n\n\nblog\ntips for tax & bookkeeping pros \n\n\n how intuit helps tax and bookkeeping pros do their best work\n\n\n\n\n\n\n\n\n\n\n\n\n\n\n\n\n\n\n\nblog\ntax experiences \n\n\n the role of ai in delivering personalized tax experiences\n\n\n\n\n\n\n\n\n\n\n\n\n\n\n\n\n\n\nblog\ncareer tips \n\n\n navigating your career path, tips for engineers\n\n\n\n\n\n\n\n\n\n\n\n\n\n\n\n\n\n\n\nblog\nhybrid work \n\n\n how intuit's hybrid work model is evolving\n\n\n\n\n\n\n\n\n\n\n\n\n\n\n\n\n\nblog\ncelebrating 40 years of intuit's innovation \n\n\n celebrating 40 years of intuit's innovation\n\n\n\n\n\n\n\n\n\n\n\n\n\n\n\n\n\n\nblog\nfuture of fintech \n\n\n how intuit is shaping the future of fintech\n\n\n\n\n\n\n\n\n\n\n\n\n\n\n\n\n\n\n\nblog\nintuit's new tools to improve business finances  \n\n\n intuit's new tools to improve business finances \n\n\n\n\n\n\n\n\n\n\n\n\n\n\n\n\n\n\nblog\nai in 2025 \n\n\n excitement and skepticism will mark the year ahead, as ai-powered experiences proliferate and customers ultimately decide what’s best for them""]","['search radius\nselect miles\n5 miles\n15 miles\n25 miles\n35 miles\n50 miles\n\n\n\nsearch jobs\n\n\n\n\n\n\n\n\n\n\n\nsenior software engineer\n\ncategory software engineering\n\nlocation\r\nbengaluru, india                \njob id 2025-68869 \n\napply now\n\nshare job\nsave jobsaved job\n\n\n\n\n\ncompany overview\n\nintuit is the global financial technology platform that powers prosperity for the people and communities we serve', 'from the list of options', 'of the future by investing in our sites around the world', ""toronto's inclusive workplace design inspired by indigenous ties\n\n\n\n\n\n\n\n\n\n\n\n\n\n\n\n\n\n\n\n\narticle\nai-driven tech that unlocks your career growth \n\n\n at intuit, you can build ai-powered solutions while shaping a career path that creates unparalleled impact\n\n\n\n\n\n\n\n\n\n\nload more\n\n\n\n\n\n\n\n\njobs for you\n\nviewed jobs\nrelated jobs\nsaved jobs\n\n\n\n\n\n\nyou haven't viewed any jobs yet"", 'servicessalessecurity, risk & fraudsoftware engineeringlocationselect locationatlanta, georgiabengaluru, karnatakacolorado springs, coloradodublin, leinsterillinois city, illinoislondon, englandlos angeles, californiamassachusetts military reservation, massachusettsminnesota lake, minnesotamountain view, californianew georgia estates, georgianew jersey national guard sea girt unit, new jerseynew york, new yorkpennsylvania furnace, pennsylvaniapetah tikva, central districtplano, texasreno, nevadasan diego, californiasan francisco, californiasouth carolina national guard headquarters, south carolinasydney, new south walestel aviv, tel avivtexas city, texastoronto, ontariotucson, arizonavirginia beach, virginiawashington, dcwashington national guard, washingtonaddsoftware engineering, bengaluru, karnataka, indiaremoveremove \nconfirm email\n\n\n\nby submitting your information, you acknowledge that you have read our privacy policy and consent to receive email communication from us']",[],[],
https://www.broadcom.com/company/careers,[],[],[],[],[],[],
https://careers.netapp.com/job/bengaluru/senior-software-engineer-golang-go-microservices/27600/79590564240,"['working in linux, aws/azure/gcp, kubernetes – control plane, auto scaling, orchestration, containerization is a must', 'with no sql document databases (e', 'working building micro services, rest apis and related api\xa0•\xa0\xa0 \xa0proven track record of leading mid to large sized projects', 'with concepts related to computer architecture, data structures and programming practices', 'with ai/ml frameworks like pytorch or tensorflow is a plus', 'with a bachelor’s degree or a master’s degree; or a phd with relevant experience']","['and experience, based on information provided by the applicant in the application and/or supporting documentation, in comparison to the netapp designated key requirements of a specific role', 'of a specific role']",['or a master’s degree; or a phd with relevant experience'],['for you'],[],"['compliance can be found here in english and here in spanish, and fair employment practice information can be found here']",
https://www.careers.philips.com/in/en/job/551180/Sr-Software-Manager-Fullstack,['filled with unexpected moments that will transform you in lasting and positive ways'],[],[],[],[],[],
https://careers.wbd.com/global/en/job/R000091819/Senior-Software-Engineer-Global-Media-Engine-Player-Bangalore,[],[],[],[],[],[],
https://boomi.com/company/careers/,['in every aspect'],[],"['public sector\n\n\n\n\nembedded & software providers\n\n\nby initiative \n\nintegration center of excellence\n\n\n\n\npractical ai\n\n\n\n\ncustomer 360\n\n\n\n\nmergers & acquisitions divestiture\n\n\n\n\nerp modernization\n\n\n\n\ncloud migration connectivity\n\n\n\n\nlegacy modernization\n\n\nby function \n\nit\n\n\n\n\nfinance\n\n\n\n\nhuman resources\n\n\n\n\nmarketing\n\n\n\n\nsales\n\n\n\n\nanalytics\n\n\n\n\nsupport\n\n\n\n\nproduct (embed)\n\n\nintegrate your apps\n\npre-built solutions \n\nexplore all connectors \n\n\n\n\ncase studies\n\n\n\n\nexplore all case studies \n\n\n\n\nresources\n\n\n\nlearn\n\n\n\nevents & webinars\n\n\n\n\nblog\n\n\n\n\nebooks\n\n\n\n\npodcast\n\n\n\n\nexplore all resources\n\n\n\n\n\nsupport\n\n\n\ntraining\n\n\n\n\ncommunity\n\n\n\n\ndocumentation\n\n\n\n\nfile support ticket\n\n\n\n\nproduct updates\n\n\n\n\n\nsucceed\n\n\n\nservices\n\n\n\n\nprofessional services\n\n\n\n\ncustomer success\n\n\n\n\nmanaged services\n\n\n\n\n\nresource center \n\n\n\n\npartners\n\n\n\npartner ecosystem\n\n\n\noverview\n\n\n\n\nfind a partner\n\n\n\n\nbecome a partner\n\n\n\n\npartner login\n\n\n\n\n\npartner types\n\n\n\nembedded & software providers\n\n\n\n\nsystem integrators\n\n\n\n\ntechnology partner program\n\n\n\n\n\ntechnology alliances\n\n\n\namazon web services\n\n\n\n\nservicenow\n\n\n\n\n\nexplore partner program \n\n\n\n\n\n\t\t\t\t\t\t\t\t\tcontact us\t\t\t\t\t\t\t\t\n\n\n\n\n\n\n\n\n\n\n\n\n\n\n\n\n\nlanguage\n\n\n\n\n\n\n\n\n\n\nenglish\n\n\n\n\n\n\n\nfrançais\n\n\n\n\n\n\n\ndeutsch\n\n\n\n\n\n\n\nitaliano\n\n\n\n\n\n\n\n日本語\n\n\n\n\n\n\n\n\n\nget started\n\n\n\n\n\n\n\nboomi marketplace\nexplore prebuilt solutions\n\n\n\n\nconnectors\nconnect 1', 'public sector\n\n\nembedded & software providers\n\n\n\n\nby initiative\nintegration center of excellence\n\n\npractical ai\n\n\ncustomer 360\n\n\nmergers & acquisitions divestiture\n\n\nerp modernization\n\n\ncloud migration connectivity\n\n\nlegacy modernization\n\n\n\n\nby function\nit\n\n\nfinance\n\n\nhuman resources\n\n\nmarketing\n\n\nsales\n\n\nanalytics\n\n\nsupport\n\n\nproduct (embed)\n\n\nintegrate your appsexplore all connectors\n\n\n\nstart free trial\n\n\n\nrequest a demo\n\n\n\npricing\n\ncase studies\n\n\n\ncase studiesexplore all case studiesaustralian red crossamerican cancer societylinkedinskyorigin energysmartsheetnutanixexplore all\n\n\n\nstart free trial\n\n\n\nrequest a demo\n\n\n\npricing\n\nresources\n\n\n\nresourcesresource center\n\nlearn\nevents & webinars\n\n\nblog\n\n\nebooks\n\n\npodcast\n\n\nexplore all resources\n\n\n\n\nsupport\ntraining\n\n\ncommunity\n\n\ndocumentation\n\n\nfile support ticket\n\n\nproduct updates\n\n\n\n\nsucceed\nservices\n\n\nprofessional services\n\n\ncustomer success\n\n\nmanaged services\n\n\n\n\n\n\n\n\n\nboomi world 2025join us at our flagship event in dallas to connect, learn, and discover how to unleash the power of ai to accelerate your business with the boomi enterprise platform', 'public sector\nsoftware providers\n\n\nconnectors\n\nsalesforce\nsap\nnetsuite\nworkday\nservicenow\naws\nall connectors\n\n\nresources\n\nevents & webinars\nblog\ncase studies\ntraining\ncommunity\ndocumentation\nall resources\n\n\ncompany\n\nabout\ncareers\nteam\nawards\nnewsroom\ntrust center\ncontact us\n\n\n\n© 2025 copyright boomi, lp']","['explore prebuilt solutions\n\n\n\n\nconnectors\nconnect 1', 'solutions\n\n\n\nsolutionspre-built solutions\n\nby industry\nmanufacturing\n\n\nhealthcare and life sciences\n\n\nretail\n\n\nfinancial services\n\n\nhigher education\n\n\npublic sector\n\n\nembedded & software providers\n\n\n\n\nby initiative\nintegration center of excellence\n\n\npractical ai\n\n\ncustomer 360\n\n\nmergers & acquisitions divestiture\n\n\nerp modernization\n\n\ncloud migration connectivity\n\n\nlegacy modernization\n\n\n\n\nby function\nit\n\n\nfinance\n\n\nhuman resources\n\n\nmarketing\n\n\nsales\n\n\nanalytics\n\n\nsupport\n\n\nproduct (embed)\n\n\nintegrate your appsexplore all connectors\n\n\n\nstart free trial\n\n\n\nrequest a demo\n\n\n\npricing\n\ncase studies\n\n\n\ncase studiesexplore all case studiesaustralian red crossamerican cancer societylinkedinskyorigin energysmartsheetnutanixexplore all\n\n\n\nstart free trial\n\n\n\nrequest a demo\n\n\n\npricing\n\nresources\n\n\n\nresourcesresource center\n\nlearn\nevents & webinars\n\n\nblog\n\n\nebooks\n\n\npodcast\n\n\nexplore all resources\n\n\n\n\nsupport\ntraining\n\n\ncommunity\n\n\ndocumentation\n\n\nfile support ticket\n\n\nproduct updates\n\n\n\n\nsucceed\nservices\n\n\nprofessional services\n\n\ncustomer success\n\n\nmanaged services\n\n\n\n\n\n\n\n\n\nboomi world 2025join us at our flagship event in dallas to connect, learn, and discover how to unleash the power of ai to accelerate your business with the boomi enterprise platform', 'explore prebuilt solutions\n\n\n\n\n\t\t\t\t\t\t\t\t\t\t\t\t\t\t\t\t\tconnectors\t\t\t\t\t\t\t\t\t\t\t\t\t\t\t\t\t\t\t\t\t\t\t\t\t\t\t\t\t\t\t\t\t\t\tconnect 1', 'diversity, equity, and inclusion\n\n\n\nboomi is flexibility firstflexibility and inclusivity drive our innovation and productivity', 'flexibility: work from home, a co-working space, or one of our offices', 'that adapts to our employee’s needs', 'to work and filled with talented people']",[],[],
https://jobs.dell.com/en/job/bengaluru/software-principal-engineer/375/79599075680,"['in c/c++ programming, data structures and parallel programmingexperience developing software for unix/linux/bsd operating systems at a user space levelexperience developing within large scale distributed systems with working experience in storage networking protocols and\xa0architecturesexperience in algorithm development, design patterns and asynchronous conceptsexperience working in agile scrum model development cycle\xa0& excellent interpersonal skills and ability to work collaboratively in a team environment and to effectively communicate complex technical concepts', 'in sales at dell technologies', 'as a finance controller at dell technologies brazil', 'and how he celebrates veterans day at dell technologies', 'becoming a mother at dell\n\r\n\r\n              learn more about how working remote helps itziar manage her new role as a mother', 'with dell technologies brazil', ""with global work culture at dell technologies\n\r\n\r\n              learn more about jamie's experience with dell technologies' work culture"", 'as a second-year member of the marketing development program, and how she landed her dream role', ""in the finance graduate program\n\r\n\r\n              learn more about nikola's growth with dell technologies and her involvement in the finance graduate program"", ""in dell slovakia's it internship program\n\r\n\r\n              learn more about radek's it internship with dell technologies and how he has found the perfect role for him"", '""this internship program has brought me professional experience and the opportunity to further develop my skills', 'in the program and offers top tips for success', ""dive into the exciting highlights of dell technologies' campus recruitment open day in shanghai, where students connected with industry leaders, explored cutting-edge technology, and gained valuable career insights"", 'as a software engineer at dell technologies and how her career has progressed over the years', ""as a senior engineer at dell technologies, cathal's career path\n\r\n\r\n              learn more about what it means to be a software engineer at dell technologies and how cathal has progressed throughout his career"", 'transitioning from a program member to a program leader', ""with team culture at dell technologies\n\r\n\r\n              learn more about dell technologies' workplace flexibility and team culture from qartika eslyna"", 'in the marketing development program\n\r\n\r\n              ""i attribute much of my success at dell technologies to the mdp', 'in his two years with the marketing development program and how it has helped his career growth', 'with dell technologies japan\n\r\n\r\n              learn more about how hironobu has grown his career with dell technologies japan and how he got involved in sales', 'has been during her first year', 'during his first year as a member of the marketing development program and how it has helped him create a lasting impact on his team', 'and i have evolved so much from when i first started', ""in the marketing development program\n\r\n\r\n              “i feel like i better understand my strengths, weaknesses, and interests since i've joined the program"", 'as a first year mdp member\n\r\n\r\n              ""this program allows me the opportunity to explore different areas while getting support from incredible program managers and team members', 'at dell technologies as an mdp buddy on a global team\n\r\n\r\n              ""i have a deeper understanding of who they are and can help them navigate where they want to go within dell', 'as an mdp buddy at dell technologies and how supportive buddies like her can help assist you with your career development', 'as a global marketing intern at dell technologies', 'at dell technologies\n\r\n\r\n              this hispanic heritage month and every day, ivan is proud of his heritage', 'in the hispanic / latino community at dell and how dell fosters an inclusive culture for all', 'and why she is proud of her heritage', 'at dell technologies\n\r\n\r\n              seby shares his empowering perspective on international day of persons with disabilities', 'at dell and how dell celebrates workplace diversity and inclusion', ""in true ability employee resource group\n\r\n\r\n              explore ramitha's journey of resilience and strength, and discover how her participation in dell's true ability employee resource group (erg) has contributed to fostering an inclusive community, all while celebrating diversity through events highlighting the beauty of shared talents"", 'in dell\'s marketing development program\n\r\n\r\n              ""you need to try it', 'in the marketing development program at dell and discover his transformative journey of personal and professional growth', 'as he reveals how compliance helps him uphold dell’s reputation, foster collaboration, and achieve business success', ""in dell's marketing development program\n\r\n\r\n              meet raquel, and discover how the marketing development program (mdp) at dell transformed her professional growth and career development"", ""in dell's marketing development program\n\r\n\r\n              explore gabriella's transformative journey as a dell mdp participant as she shares her invaluable experiences and standout projects"", 'at dell\n\r\n\r\n              meet jeniffer, a senior recruitment analyst at dell technologies brazil', 'in dell’s marketing development program\n\r\n\r\n              ""as you embark on your career path, remember to seek inspiration, prioritize growth, and embrace the opportunities that propel you towards success', ""in dell's marketing development program\n\r\n\r\n              tyler shares insights into the dell mdp program, its impact on career growth, standout projects, and the sense of community it fosters"", ""at dell\n\r\n\r\n              learn more about ayumi's experience with the financial development program at dell"", 'at dell and how his team cultivates an environment where they can encourage one another', 'and some of the surprising moments along their journey', 'and how she found success at dell technologies brazil', 'developing cutting-edge technologies and working at a company with innovation at the forefront', 'as an erg leader in brazil', 'and top tips for a successful internship', 'with dell’s culture', 'in talent acquisition at dell technologies where flexibility, growth, and valuable insights converged to create an invaluable journey', 'as a software engineer at dell technologies brazil\n\r\n\r\n              in the ever-evolving world of technology, innovation and progress are driven by the diverse talents and perspectives of professionals in the field', 'at dell and insights into the role of women in tech', ""as a dell technologies sales rep\n\r\n\r\n              explore taeyoung's incredible journey within dell technologies as a sales representative, fueled by a deep passion for it systems"", 'at dell\n\r\n\r\n              we believe progress takes women in tech', 'when distinguished engineer ravi kumar joined dell technologies, he never imagined he’d be volunteering his skills to help nonprofits achieve their mission', ""at dell\n\r\n\r\n              learn more about agnieszka's experience with the research & development center"", 'leading women in action (wia) taiwan, a supportive and inclusive employee resource group that helps women achieve their full potential', 'with women in action\n\r\n\r\n              learn about dell technologies’ women in action global co-lead, alyson, and how the employee resource group has shaped her career', ""in dell’s marketing development program\n\r\n\r\n              discover charlotte's transformative journey in dell’s marketing development program where she reflects on her impactful projects and growth opportunities"", 'there’s no teacher like real-world experience', 'with imposter syndrome\n\r\n\r\n              ""i hope we can live in a society where we no longer say someone is “the first woman"" to do this or that', ""in dell’s marketing development program\n\r\n\r\n              as a former intern pursuing her master's degree, renee found the allure of continuous learning and diverse roles to be an invaluable opportunity"", ""as she reflects on how dell's marketing development program has fueled her professional growth, transforming her into a well-rounded marketer"", 'in dell’s marketing development program\n\r\n\r\n              kickoff your marketing career in our marketing development program for young professionals', 'from her past roles to making friends within her cohort', 'in dell’s accounting development program\n\r\n\r\n              are you interested in joining our accounting development program', 'in dell’s marketing development program\n\r\n\r\n              “i wanted to join the mdp because it seemed like a great way to discover my interests and strengths while developing and exploring opportunities that i wouldn’t have had if i went straight into one position', 'as an asian american', ""in dell’s marketing development program\n\r\n\r\n              meet vikas, an early-career professional whose journey with dell's mdp has been a catalyst for proactive growth"", ""in dell's financial development program\n\r\n\r\n              meet nova, a financial development program member in her second rotation"", 'international exposure with dell technologies', ""in dell’s marketing development program\n\r\n\r\n              learn more about jocelyn's impactful journey in dell's marketing development program (mdp), and hear how the program has elevated her confidence, contributed to her professional growth, and allowed her to explore diverse projects"", ""in dell's finance development program\n\r\n\r\n              meet juan pablo, a january 2024 graduate of the finance development program"", ""in dell's supply chain development program\n\r\n\r\n              interested in a supply chain career"", 'in the program', ""with dell's marketing rotational program\n\r\n\r\n              meet sarah, a first year in dell's marketing rotational program"", 'taught me invaluable lessons on resilience and grit', 'as a dell technologies finance intern\n\r\n\r\n              meet lauren gray, an undergraduate finance intern', 'working on an ai-focused project during his software engineering internship', 'as a dell technologies marketing intern\xa0\n\r\n\r\n              marketing intern sebastian shares his experience in the program, from lessons learned to what it was like relocating to austin, texas for the summer', 'in the it development program\n\r\n\r\n              anna dulevitz, an it development program participant, shares why she joined the program and how it’s setting her up for a successful career', 'and their advice for future interns', 'growing up in a cultural tug-if-war between his mexican roots and american community, and how he came to embrace both', 'in the stem aspire program and showcases the opportunities it provides for women interested in stem', ""specialist\n\r\n\r\n              de'vonte reflects on his time in mdp and how it prepared him for his role as a pro bono experience specialist"", 'at dell technologies\n\r\n\r\n              amit shares his experience in the true ability erg and how he successfully navigates life with a disability', 'in the nextgen sales academy and what inspired her to start a career in technology', 'working with the entertainment industry', 'leading the nextgen sales academy and encourages others to join', 'reflecting on leadership, advice and encouragement\n\r\n\r\n              elizabeth acknowledges key moments in her career and dives into her work with the dell ai factory', ""with anthony's 22 years of sales and marketing experience, he gives insight on his work with the kmm customer story and how he won a global marketing game changer award"", 'in the finance development program\n\r\n\r\n              melissa gives insight on her current role in financial planning & analysis, and also reflects on how the financial development program set her up for success at dell technologies', 'that helped set her up to achieve her professional goals', 'as an american expat and explains her work in analyst relations and the dell technologies summit (dts)', 'at dell technologies, she walks us through her amazing work with ai', 'from working as a captain in the army, and her transition to dell technologies', 'at dell including culture and learning opportunities in the finance internship program\r\n\r\n            \nlearn more\n\n\n\n\n\n\n\n\n\n\n\n\n\n\n\nstem stories: inspiring the youth to pursue careers in stem\n\r\n\r\n              murron discusses her unique story about how she started her career at dell technologies and elaborates on her time as a mentor for the stem aspire program', 'there’s no teacher like real-world experience', 'reflecting on leadership, advice and encouragement\n\r\n\r\n              elizabeth acknowledges key moments in her career and dives into her work with the dell ai factory']","['and ability to work collaboratively in a team environment and to effectively communicate complex technical concepts', 'sent right to your inbox', 'and love for the environment', 'to help nonprofits achieve their mission', 'that help kevin every day', 'sent right to your inbox']","['and inclusion', 'and sustainability', 'in computer science or related field']","['search jobs\n\n\n\n\n\n\n\n\n\nbangalore, india           \nsoftware principal engineer\n\n\n\n\n\n\n\nas rated by current and former employees\n\n\napply now\nsave job\n\n\n\n\n\n\n\n\n\nsoftware principal engineerthe software engineering team delivers next-generation application enhancements and new products for a changing world', 'and select one from the list of suggestions', 'to work for those hoping to take climate action', ""for all in stem\n\r\n\r\n              learn more about kat's career progression with dell"", ""2022\n\r\n\r\n              learn more about dell technologies' ranking by newsweek"", ""to work 2022\n\r\n\r\n              learn more about dell technologies' ranking by glassdoor"", 'flexibility and team culture from qartika eslyna', 'diversity and inclusion', 'culture and inclusivity, and discover why dell is a leader shaping the future of technology and corporate excellence', ""discover dell technologies' commitment to fostering diversity and inclusion in the workplace as we proudly announce our recognition as an lgbtq+ friendly workplace in taiwan"", 'equality, and diversity', 'culture that prioritizes authenticity, respects individual contributions and champions a shared commitment to excellence', 'culture that celebrates diversity, fosters inclusion and promotes equity at dell technologies', ""learn more about monica's career path with dell"", 'learn more about how keyla and kevin knights, a mother and son duo, is getting involved in volunteering with the pro bono program at dell technologies', 'to start your career than here with us at the dell technologies graduate program', 'to jumpstart your career', 'to start your career', 'committed to innovation and inclusivity', 'to start and develop your career']",[],"['at dell technologies embodies this quote and how dell has helped her grow', 'work for 15 years to raise her twins, trupti completed a year of full-time work at dell technologies']",
https://careers.abb/us/en/job/96245638/R-D-Senior-Software-Developer,,,,,,,Failed to fetch content
https://in.linkedin.com/company/nvidia/jobs,[],[],[],[],[],[],
